Smiles,id,name,cnnaff_pos,cnnaff,MW,HBA,HBD,LogP,Pass_Ro5,has_pains,has_unwanted_subs,has_prob_fgs,synthetic_accessibility,TPSA,QED,N_RotBonds,logp_cnn_per_mw
[H]OP(=O)(O[H])C(F)(F)[C@]([H])(N([H])[H])C([H])([H])OC([H])([H])C(=O)[C@@]1([H])C([H])([H])C([H])([H])C([H])([H])[C@]1([H])N([H])C(=O)n1c([H])c([H])c([H])c(C([H])([H])N([H])C(=O)C([H])([H])C([H])([H])C2([H])C([H])([H])C2([H])[H])c1=O,6926,fegrow_gen/c1(CNC(CCC2CC2)=O)cccn(C(=O)N[C@H]2CCC[C@@H]2C(COCC(N)C(F)(F)P(=O)(O)O)=O)c1=O.sdf,6.15146,-0.2898987849060988,529.243,8,5,1.0646,True,False,True,False,8.52249388120452,190.05,0.2189314801175501,13,0.2898987849060988
[H]c1nc([H])c([H])c(C([H])([H])O[C@]([H])(OC([H])([H])C([H])([H])N([H])[H])C(=O)[C@@]2([H])C([H])([H])C([H])([H])C([H])([H])[C@]2([H])N([H])C(=O)n2c([H])c([H])c([H])c(C([H])([H])N([H])C(=O)C([H])([H])[H])c2=O)c1[H],10386,fegrow_gen/c1(CNC(C)=O)cccn(C(=O)N[C@H]2CCC[C@@H]2C(C(OCCN)OCc2ccncc2)=O)c1=O.sdf,5.82279,-0.2483123773974717,454.293,9,3,0.6931,True,False,True,True,8.42880039709336,154.64,0.3928955362880207,11,0.2483123773974717
[H]c1c([H])c([H])n(C(=O)N([H])[C@@]2([H])C([H])([H])C([H])([H])C([H])([H])[C@]2([H])C(=O)C([H])([H])OC([H])([H])C([H])([H])N([H])[H])c(=O)c1C([H])([H])N([H])C(=O)C([H])([H])C([H])([H])C1([H])C([H])([H])C1([H])[H],7787,fegrow_gen/c1(CNC(CCC2CC2)=O)cccn(C(=O)N[C@H]2CCC[C@@H]2C(COCCN)=O)c1=O.sdf,6.07456,-0.2241319487653188,400.265,7,3,0.9255,True,False,False,False,8.34827786436888,132.51999999999998,0.4456526088611628,11,0.2241319487653188
[H]c1nc2c([H])c([H])c([H])c([H])c2c([H])c1C([H])([H])C(=O)N(OC([H])([H])C([H])([H])C([H])([H])N(C([H])([H])[H])C([H])([H])[H])C([H])([H])c1c([H])c([H])c([H])n(C(=O)N([H])[C@@]2([H])C([H])([H])C([H])([H])C([H])([H])[C@]2([H])C(=O)C([H])([H])OC([H])([H])C([H])([H])N([H])[H])c1=O,1921,fegrow_gen/c1(CN(C(Cc2cnc3ccccc3c2)=O)OCCCN(C)C)cccn(C(=O)N[C@H]2CCC[C@@H]2C(COCCN)=O)c1=O.sdf,6.67488,-0.352442135885198,564.388,10,2,2.1219,True,False,True,False,8.78394232434633,149.09,0.1959895791562354,15,0.352442135885198
[H]c1c([H])c(C([H])([H])N([H])[H])c([H])c([C@@]([H])(SC([H])([H])[H])C(=O)N([H])C([H])([H])c2c([H])c([H])c([H])n(C(=O)N([H])[C@@]3([H])C([H])([H])C([H])([H])C([H])([H])[C@]3([H])C(=O)C([H])([H])OC([H])([H])C([H])([H])N([H])[H])c2=O)c1[H],4815,fegrow_gen/c1(CNC(C(c2cccc(CN)c2)SC)=O)cccn(C(=O)N[C@H]2CCC[C@@H]2C(COCCN)=O)c1=O.sdf,6.34425,-0.2836152024328334,494.383,9,4,1.2983,True,False,False,False,8.61683453792962,158.54,0.299550509093849,12,0.2836152024328334
[H]c1nc(C([H])([H])[H])c([H])c([H])c1C([H])([H])C(=O)N([H])C([H])([H])c1c([H])c([H])c([H])n(C(=O)N([H])[C@@]2([H])C([H])([H])C([H])([H])C([H])([H])[C@]2([H])C(=O)C([H])([H])OC([H])([H])C([H])([H])N([H])[H])c1=O,4076,fegrow_gen/c1(CNC(Cc2ccc(C)nc2)=O)cccn(C(=O)N[C@H]2CCC[C@@H]2C(COCCN)=O)c1=O.sdf,6.41857,-0.2199228493092295,438.294,8,3,0.68142,True,False,False,False,8.26237519826766,145.41,0.4339001823996845,10,0.2199228493092295
[H]c1nc([H])c(N([H])[C@]([H])(C(=O)N([H])C([H])([H])c2c([H])c([H])c([H])n(C(=O)N([H])[C@@]3([H])C([H])([H])C([H])([H])C([H])([H])[C@]3([H])C(=O)C([H])([H])OC([H])([H])C([H])([H])N([H])[H])c2=O)C([H])([H])N2C([H])([H])C([H])([H])N([H])C([H])([H])C2([H])[H])c([H])c1[H],3721,fegrow_gen/c1(CNC(C(CN2CCNCC2)Nc2cccnc2)=O)cccn(C(=O)N[C@H]2CCC[C@@H]2C(COCCN)=O)c1=O.sdf,6.45623,-0.1856976626283667,528.359,11,5,-0.4838,False,False,False,False,8.81688739350572,172.71,0.1986609098228937,13,0.1856976626283667
[H]c1c([H])c([H])n(C(=O)N([H])[C@@]2([H])C([H])([H])C([H])([H])C([H])([H])[C@]2([H])C(=O)C([H])([H])OC([H])([H])C([H])([H])N([H])[H])c(=O)c1C([H])([H])N(OC([H])([H])C([H])([H])C([H])([H])N(C([H])([H])[H])C([H])([H])[H])C(=O)C([H])([H])C(=O)N([H])C([H])([H])C([H])([H])OC([H])([H])[H],4276,fegrow_gen/c1(CN(C(CC(=O)NCCOC)=O)OCCCN(C)C)cccn(C(=O)N[C@H]2CCC[C@@H]2C(COCCN)=O)c1=O.sdf,6.39968,-0.1868326400452147,536.331,11,3,-0.5163,False,False,True,False,8.8027214507793,174.52999999999997,0.1164606442361675,18,0.1868326400452147
[H]c1nc([H])n(-c2c([H])c(C([H])([H])[H])nc([H])c2C([H])([H])C(=O)N([H])C([H])([H])c2c([H])c([H])c([H])n(C(=O)N([H])[C@@]3([H])C([H])([H])C([H])([H])C([H])([H])[C@]3([H])C(=O)C([H])([H])OC([H])([H])C([H])([H])N([H])[H])c2=O)n1,2747,fegrow_gen/c1(CNC(Cc2c(-n3cncn3)cc(C)nc2)=O)cccn(C(=O)N[C@H]2CCC[C@@H]2C(COCCN)=O)c1=O.sdf,6.56691,-0.2202015888842044,504.337,11,3,0.262119999999999,False,False,False,False,8.31348641095573,176.12,0.2902089366889444,11,0.2202015888842044
[H]c1c([H])c([H])n(C(=O)N([H])[C@@]2([H])C([H])([H])C([H])([H])C([H])([H])[C@]2([H])C(=O)C([H])([H])OC([H])([H])C([H])([H])N([H])[H])c(=O)c1C([H])([H])N(OC([H])([H])C([H])([H])C([H])([H])N(C([H])([H])[H])C([H])([H])[H])C(=O)C([H])([H])[H],5925,fegrow_gen/c1(CN(C(C)=O)OCCCN(C)C)cccn(C(=O)N[C@H]2CCC[C@@H]2C(COCCN)=O)c1=O.sdf,6.24198,-0.2100935228411906,442.282,9,2,0.3509,True,False,True,False,8.56517554614558,136.2,0.3055513330142779,13,0.2100935228411906
[H]c1nc([C@@]([H])(OC([H])([H])C(=O)[C@@]2([H])C([H])([H])C([H])([H])C([H])([H])[C@]2([H])N([H])C(=O)n2c([H])c([H])c([H])c(C([H])([H])N([H])C(=O)C([H])([H])[H])c2=O)C([H])([H])N([H])c2c([H])nc(N([H])[H])c([H])c2[H])c([H])c([H])c1F,2571,fegrow_gen/c1(CNC(C)=O)cccn(C(=O)N[C@H]2CCC[C@@H]2C(CO[C@@H](CNc2ccc(N)nc2)c2ccc(F)cn2)=O)c1=O.sdf,6.5876,-0.3441445419630217,533.35,10,4,2.1612,True,False,False,False,8.47481231446592,170.33,0.2719952443410243,11,0.3441445419630217
[H]c1c([H])c([H])n(C(=O)N([H])[C@@]2([H])C([H])([H])C([H])([H])C([H])([H])[C@]2([H])C(=O)C([H])([H])OC([H])([H])C([H])([H])N([H])[H])c(=O)c1C([H])([H])N(OC([H])([H])C([H])([H])C([H])([H])N(C([H])([H])[H])C([H])([H])Cl)C(=O)C([H])([H])[H],3500,fegrow_gen/c1(CN(C(C)=O)OCCCN(C)CCl)cccn(C(=O)N[C@H]2CCC[C@@H]2C(COCCN)=O)c1=O.sdf,6.47911,-0.2495693661044696,477.735,9,2,0.9174,True,False,True,True,8.51908868649552,136.2,0.1620830179675221,14,0.2495693661044696
[H]c1nc([C@@]([H])(OC([H])([H])C(=O)[C@@]2([H])C([H])([H])C([H])([H])C([H])([H])[C@]2([H])N([H])C(=O)n2c([H])c([H])c([H])c(C([H])([H])N([H])C(=O)C([H])([H])c3c([H])c([H])c([H])c([H])c3OC([H])([H])[H])c2=O)C([H])([H])N([H])[H])c([H])c([H])c1F,1152,fegrow_gen/c1(CNC(Cc2ccccc2OC)=O)cccn(C(=O)N[C@H]2CCC[C@@H]2C(CO[C@@H](CN)c2ccc(F)cn2)=O)c1=O.sdf,6.81176,-0.3473379545190191,545.357,9,3,2.262,True,False,False,False,8.5583207609751,154.64,0.295276469361406,12,0.3473379545190191
[H]c1nc([C@@]([H])(OC([H])([H])C(=O)[C@@]2([H])C([H])([H])C([H])([H])C([H])([H])[C@]2([H])N([H])C(=O)n2c([H])c([H])c([H])c(C([H])([H])N([H])C(=O)C([H])([H])[H])c2=O)C([H])([H])N([H])[H])c([H])c([H])c1F,6842,fegrow_gen/c1(CNC(C)=O)cccn(C(=O)N[C@H]2CCC[C@@H]2C(COC(CN)c2ccc(F)cn2)=O)c1=O.sdf,6.15929,-0.2514826508852854,445.281,8,3,1.0306,True,False,False,False,8.21150353250143,145.41,0.49309263442326,9,0.2514826508852854
[H]C#C[C@@]1([H])[C@]([H])(C(=O)C([H])([H])[H])[C@@]([H])(N([H])C(=O)n2c([H])c([H])c([H])c(C(=O)N(C([H])([H])C([H])([H])O[H])C([H])([H])[C@@]([H])(C(=O)O[H])N([H])[H])c2=O)C([H])([H])[C@@]1([H])N=C=S,13315,fegrow_gen/c1(C(=O)N(CCO)C[C@H](N)C(=O)O)cccn(C(=O)N[C@H]2C[C@@H](N=C=S)[C@@H](C#C)[C@@H]2C(C)=O)c1=O.sdf,5.42624,-0.1590642820999556,478.337,10,4,-1.0493,False,False,True,True,8.25584109700888,184.39,0.1854066867806995,9,0.1590642820999556
[H]C#C[C@@]1([H])[C@]([H])(C(=O)C([H])([H])[H])[C@@]([H])(N([H])C(=O)n2c([H])c(C(=N[H])N([H])[H])c([H])c(C(=O)N([H])[C@@]([H])(N([H])C(=O)N([H])[H])C([H])([H])O[H])c2=O)C([H])([H])[C@@]1([H])N=C=S,12379,fegrow_gen/c1(C(=O)NC(CO)NC(N)=O)cc(C(=N)N)cn(C(=O)N[C@H]2C[C@@H](N=C=S)[C@@H](C#C)[C@@H]2C(C)=O)c1=O.sdf,5.57591,-0.1049770827703953,492.348,10,7,-1.89513,False,False,True,True,8.23818146789637,234.85,0.0675843805852566,8,0.1049770827703953
[H]c1c([H])c(C([H])([H])[C@]2([H])C([H])([H])[C@]2([H])C([H])([H])C([H])([H])C(=O)N([H])C([H])([H])c2c([H])c([H])c([H])n(C(=O)N([H])[C@@]3([H])C([H])([H])C([H])([H])C([H])([H])[C@]3([H])C(=O)C([H])([H])OC([H])([H])C([H])([H])N([H])[H])c2=O)c([H])c([H])c1F,1555,fegrow_gen/c1(CNC(CCC2CC2Cc2ccc(F)cc2)=O)cccn(C(=O)N[C@H]2CCC[C@@H]2C(COCCN)=O)c1=O.sdf,6.73434,-0.3442084601033339,503.34,7,3,2.5334,True,False,False,False,8.75468228561373,132.52,0.3346695114217621,13,0.3442084601033339
[H]c1nc([H])c([H])c([C@@]([H])(C(=O)N([H])C([H])([H])c2c([H])c([H])c([H])n(C(=O)N([H])[C@@]3([H])C([H])([H])C([H])([H])C([H])([H])[C@]3([H])C(=O)C([H])([H])OC([H])([H])C([H])([H])N([H])[H])c2=O)c2c([H])c([H])c([H])c(C([H])([H])N([H])[H])c2[H])n1,2923,fegrow_gen/c1(CNC(C(c2cccc(CN)c2)c2ccncn2)=O)cccn(C(=O)N[C@H]2CCC[C@@H]2C(COCCN)=O)c1=O.sdf,6.54633,-0.2614926842365601,526.363,10,4,0.8161,True,False,False,False,8.63172117571622,184.32,0.2324120119125693,12,0.2614926842365601
[H]c1c([H])c(C([H])([H])C(=O)N([H])C([H])([H])c2c([H])c([H])c([H])n(C(=O)N([H])[C@@]3([H])C([H])([H])C([H])([H])C([H])([H])[C@]3([H])C(=O)C([H])([H])OC([H])([H])C([H])([H])N([H])[H])c2=O)c([H])c(C([H])([H])N([H])[H])c1[H],7230,fegrow_gen/c1(CNC(Cc2cccc(CN)c2)=O)cccn(C(=O)N[C@H]2CCC[C@@H]2C(COCCN)=O)c1=O.sdf,6.12409,-0.2220660068567228,450.305,8,4,0.4367,True,False,False,False,8.40737214431293,158.54000000000002,0.3375014859101484,11,0.2220660068567228
[H]C#C[C@]1([H])[C@]([H])(N=C=S)[C@]([H])(C([H])([H])C(=O)O[H])[C@]([H])(N(C(=O)n2c([H])c([H])c([H])c(C(=O)N([H])C([H])([H])C([H])([H])O[H])c2=O)C([H])([H])c2c([H])c([H])c(Cl)c(Cl)c2[H])[C@@]1([H])C(=O)C([H])([H])[H],8021,fegrow_gen/c1(C(=O)NCCO)cccn(C(=O)N([C@H]2[C@@H](CC(=O)O)[C@@H](N=C=S)[C@@H](C#C)[C@@H]2C(C)=O)Cc2ccc(Cl)c(Cl)c2)c1=O.sdf,6.05549,-0.4333105936291383,607.302,9,3,2.7466,True,False,True,True,8.31153639439444,158.37,0.2048308211524682,10,0.4333105936291383
[H]c1c([H])c([H])n(C(=O)N([H])[C@@]2([H])C([H])([H])C([H])([H])C([H])([H])[C@]2([H])C(=O)C([H])([H])C([H])([H])C2([H])C([H])([H])C2([H])[H])c(=O)c1C([H])([H])N([H])C(=O)C([H])([H])[H],11635,fegrow_gen/c1(CNC(C)=O)cccn(C(=O)N[C@H]2CCC[C@@H]2C(CCC2CC2)=O)c1=O.sdf,5.67801,-0.2524485704717294,346.237,5,2,1.9701,True,False,False,False,8.03022887073678,97.27,0.763486791795487,7,0.2524485704717294
[H]c1c([H])c([H])n(C(=O)N([H])[C@@]2([H])C([H])([H])C([H])([H])C([H])([H])[C@]2([H])C(=O)C([H])([H])OC([H])([H])[C@]([H])(N([H])[H])C2([H])C([H])([H])C([H])([H])C([H])([H])C([H])([H])C2([H])[H])c(=O)c1C([H])([H])N([H])C(=O)C([H])([H])[H],8253,fegrow_gen/c1(CNC(C)=O)cccn(C(=O)N[C@H]2CCC[C@@H]2C(COCC(N)C2CCCCC2)=O)c1=O.sdf,6.03566,-0.2812014136391365,424.287,7,3,1.7041,True,False,False,False,8.65444295837529,132.51999999999998,0.5138242086395686,9,0.2812014136391365
[H]C#C[C@@]1([H])[C@]([H])(C(=O)C([H])([H])[H])[C@@]([H])(N([H])C(=O)n2c([H])c([H])c([H])c(C(=O)N([H])C([H])([H])C([H])([H])O[H])c2=O)C([H])([H])[C@@]1([H])N=C=S,13455,fegrow_gen/c1(C(=O)NCCO)cccn(C(=O)N[C@H]2C[C@@H](N=C=S)[C@@H](C#C)[C@@H]2C(C)=O)c1=O.sdf,5.39576,-0.1877271150513914,396.299,8,3,-0.1736,True,False,True,True,7.80138508198193,129.86,0.3352993556743608,6,0.1877271150513914
[H]c1nc(N(C(=O)n2c([H])c(C([H])([H])C(=O)N([H])[H])c([H])c(N3C([H])([H])C([H])([H])[C@]3([H])N([H])C([H])([H])C([H])([H])[H])c2=O)[C@@]2([H])C([H])([H])C([H])([H])C([H])([H])[C@]2([H])c2oc([H])c([H])c2[H])c(C(F)(F)F)c([H])c1[H],934,fegrow_gen/c1(N2CC[C@@H]2NCC)cc(CC(N)=O)cn(C(=O)N([C@H]2CCC[C@@H]2c2ccco2)c2ncccc2C(F)(F)F)c1=O.sdf,6.86148,-0.4370215764490237,541.34,8,2,3.8396,True,False,False,False,8.3786864460054,126.7,0.4200676850275239,8,0.4370215764490237
[H]Sc1c(N2C(=O)C([H])=C([C@]([H])(OC([H])([H])[H])c3c([H])nn([H])c3[H])C2=O)c([H])n([H])c(=O)c1[H],13983,fegrow_gen/c1c(S)c(N2C(=O)C(C(OC)c3cn[nH]c3)=CC2=O)c[nH]c1=O.sdf,5.28096,-0.1870418084319131,320.245,6,3,0.574,True,False,True,False,7.40920944140099,108.15,0.5603807634816845,4,0.1870418084319131
